Face ID,Detection Time,Bounding Box
1,2024-11-19 14:16:33,"(265, 130, 250, 250)"
2,2024-11-19 14:17:06,"(532, 15, 53, 53)"
1,2024-11-19 19:16:30,"(308, 84, 204, 204)"
1,2024-11-19 19:28:20,"(277, 102, 196, 196)"
1,19:37:51,"(269, 75, 196, 196)"
1,19:41:58,"(246, 81, 196, 196)"
1,20:44:58,"(248, 117, 190, 190)"
2,20:45:27,"(354, 101, 56, 56)"
1,21:00:38,"(245, 280, 62, 62)"
1,08:04:00,"(132, 155, 196, 196)",30,"{'Woman': 22.57542610168457, 'Man': 77.42457389831543}"
2,08:04:04,"(102, 191, 164, 164)",26,"{'Woman': 3.8356073200702667, 'Man': 96.16438746452332}"
3,08:04:31,"(216, 227, 34, 34)",28,"{'Woman': 17.30857938528061, 'Man': 82.69141912460327}"
4,08:04:33,"(142, 188, 48, 48)",26,"{'Woman': 5.5282603949308395, 'Man': 94.47174072265625}"
1,2024-11-20 08:13:49,"(241, 186, 176, 176)",27,"{'Woman': 1.4276979491114616, 'Man': 98.57229590415955}"
2,2024-11-20 08:13:50,"(233, 179, 193, 193)",23,"{'Woman': 0.22808576468378305, 'Man': 99.77191090583801}"
1,2024-11-20 08:18:09,"(240, 99, 239, 239)",24,"{'Woman': 0.5760247353464365, 'Man': 99.42398071289062}"
1,08:27:22,"(366, 152, 255, 255)",26,"{'Woman': 0.9749473072588444, 'Man': 99.02504682540894}"
1,09:25:22,"(332, 150, 168, 168)",28,"{'Woman': 0.07326245540753007, 'Man': 99.92673993110657}"
2,09:25:24,"(53, 186, 255, 255)",24,"{'Woman': 6.849205493927002, 'Man': 93.150794506073}"
3,09:25:25,"(226, 121, 120, 120)",27,"{'Woman': 22.300726175308228, 'Man': 77.69927382469177}"
1,09:26:11,"(375, 192, 177, 177)",24,"{'Woman': 0.23099819663912058, 'Man': 99.76900815963745}"
2,09:26:35,"(50, 171, 158, 158)",32,"{'Woman': 20.17997056245804, 'Man': 79.82003092765808}"
3,09:26:37,"(188, 270, 56, 56)",36,"{'Woman': 25.676876306533813, 'Man': 74.32312369346619}"
4,09:26:44,"(405, 179, 170, 170)",29,"{'Woman': 0.6608292460441589, 'Man': 99.3391752243042}"
1,09:32:37,"(80, 203, 151, 151)",31,"{'Woman': 12.959624826908112, 'Man': 87.04038262367249}"
1,09:34:51,"(16, 210, 158, 158)",28,"{'Woman': 17.288672924041748, 'Man': 82.71133303642273}"
2,09:34:52,"(93, 116, 180, 180)",32,"{'Woman': 29.00046408176422, 'Man': 70.99953889846802}"
1,09:36:10,"(98, 159, 151, 151)",34,"{'Woman': 7.506484538316727, 'Man': 92.49351620674133}"
1,09:42:48,"(279, 134, 181, 181)",detected_faces\face_1.jpg
1,13:42:19,"(267, 153, 158, 158)",detected_faces\face_1.jpg
2,13:42:26,"(414, 110, 53, 53)",detected_faces\face_2.jpg
1,13:46:10,"(268, 128, 196, 196)",23,"{'Woman': 0.030095907277427614, 'Man': 99.96991157531738}"
1,15:54:29,"(228, 141, 255, 255)",31,"{'Woman': 0.25140177458524704, 'Man': 99.74859952926636}",No
2,15:54:30,"(265, 154, 171, 171)",29,"{'Woman': 0.3211954142898321, 'Man': 99.67880249023438}",No
2,15:54:30,"(269, 161, 164, 164)",N/A,N/A,No
2,15:54:30,"(269, 162, 158, 158)",N/A,N/A,No
2,15:54:30,"(266, 159, 166, 166)",N/A,N/A,No
2,15:54:30,"(271, 162, 158, 158)",N/A,N/A,No
2,15:54:30,"(269, 161, 164, 164)",N/A,N/A,No
2,15:54:30,"(267, 160, 164, 164)",N/A,N/A,No
2,15:54:30,"(269, 160, 166, 166)",N/A,N/A,No
2,15:54:30,"(268, 160, 166, 166)",N/A,N/A,No
2,15:54:30,"(273, 163, 158, 158)",N/A,N/A,No
2,15:54:30,"(272, 163, 158, 158)",N/A,N/A,No
2,15:54:30,"(269, 161, 164, 164)",N/A,N/A,No
2,15:54:30,"(269, 161, 162, 162)",N/A,N/A,No
2,15:54:31,"(269, 161, 164, 164)",N/A,N/A,No
2,15:54:31,"(268, 160, 166, 166)",N/A,N/A,No
2,15:54:31,"(269, 161, 164, 164)",N/A,N/A,No
2,15:54:31,"(265, 164, 166, 166)",N/A,N/A,No
2,15:54:31,"(257, 156, 181, 181)",N/A,N/A,No
2,15:54:31,"(259, 161, 174, 174)",N/A,N/A,No
2,15:54:31,"(257, 158, 178, 178)",N/A,N/A,No
2,15:54:31,"(263, 163, 171, 171)",N/A,N/A,No
2,15:54:31,"(265, 164, 166, 166)",N/A,N/A,No
2,15:54:31,"(266, 164, 167, 167)",N/A,N/A,No
2,15:54:31,"(259, 158, 177, 177)",N/A,N/A,No
2,15:54:31,"(254, 158, 183, 183)",N/A,N/A,No
2,15:54:31,"(259, 159, 179, 179)",N/A,N/A,No
2,15:54:31,"(262, 164, 174, 174)",N/A,N/A,No
2,15:54:31,"(260, 163, 177, 177)",N/A,N/A,No
2,15:54:31,"(264, 167, 168, 168)",N/A,N/A,No
2,15:54:31,"(256, 157, 181, 181)",N/A,N/A,No
2,15:54:31,"(260, 162, 176, 176)",N/A,N/A,No
2,15:54:31,"(264, 165, 170, 170)",N/A,N/A,No
2,15:54:31,"(258, 162, 176, 176)",N/A,N/A,No
2,15:54:31,"(255, 159, 183, 183)",N/A,N/A,No
2,15:54:31,"(255, 159, 183, 183)",N/A,N/A,No
2,15:54:31,"(262, 164, 174, 174)",N/A,N/A,No
2,15:54:31,"(263, 164, 174, 174)",N/A,N/A,No
2,15:54:31,"(264, 164, 171, 171)",N/A,N/A,No
2,15:54:31,"(264, 166, 171, 171)",N/A,N/A,No
2,15:54:31,"(262, 165, 174, 174)",N/A,N/A,No
2,15:54:32,"(265, 167, 169, 169)",N/A,N/A,No
2,15:54:32,"(268, 167, 166, 166)",N/A,N/A,No
2,15:54:32,"(269, 169, 164, 164)",N/A,N/A,No
2,15:54:32,"(263, 164, 176, 176)",N/A,N/A,No
2,15:54:32,"(267, 169, 166, 166)",N/A,N/A,No
2,15:54:32,"(268, 169, 164, 164)",N/A,N/A,No
2,15:54:32,"(268, 169, 162, 162)",N/A,N/A,No
2,15:54:32,"(264, 166, 169, 169)",N/A,N/A,No
2,15:54:32,"(267, 169, 168, 168)",N/A,N/A,No
2,15:54:32,"(263, 164, 177, 177)",N/A,N/A,No
2,15:54:32,"(272, 171, 162, 162)",N/A,N/A,No
2,15:54:32,"(263, 165, 174, 174)",N/A,N/A,No
2,15:54:32,"(266, 166, 168, 168)",N/A,N/A,No
2,15:54:32,"(267, 167, 169, 169)",N/A,N/A,No
2,15:54:32,"(264, 165, 171, 171)",N/A,N/A,No
2,15:54:32,"(269, 168, 166, 166)",N/A,N/A,No
2,15:54:32,"(273, 172, 157, 157)",N/A,N/A,No
2,15:54:32,"(268, 168, 168, 168)",N/A,N/A,No
2,15:54:32,"(266, 166, 171, 171)",N/A,N/A,No
2,15:54:32,"(269, 167, 166, 166)",N/A,N/A,No
2,15:54:32,"(266, 169, 168, 168)",N/A,N/A,No
2,15:54:32,"(269, 168, 166, 166)",N/A,N/A,No
2,15:54:32,"(266, 165, 171, 171)",N/A,N/A,No
2,15:54:32,"(268, 169, 162, 162)",N/A,N/A,No
2,15:54:32,"(272, 172, 158, 158)",N/A,N/A,No
2,15:54:32,"(264, 165, 174, 174)",N/A,N/A,No
2,15:54:32,"(267, 167, 169, 169)",N/A,N/A,No
2,15:54:32,"(267, 167, 169, 169)",N/A,N/A,No
2,15:54:32,"(265, 164, 170, 170)",N/A,N/A,No
2,15:54:33,"(264, 164, 174, 174)",N/A,N/A,No
2,15:54:33,"(269, 169, 164, 164)",N/A,N/A,No
2,15:54:33,"(265, 166, 168, 168)",N/A,N/A,No
2,15:54:33,"(269, 168, 166, 166)",N/A,N/A,No
2,15:54:33,"(269, 168, 166, 166)",N/A,N/A,No
2,15:54:33,"(264, 166, 171, 171)",N/A,N/A,No
2,15:54:33,"(267, 167, 169, 169)",N/A,N/A,No
2,15:54:33,"(262, 162, 176, 176)",N/A,N/A,No
2,15:54:33,"(263, 164, 171, 171)",N/A,N/A,No
2,15:54:33,"(265, 166, 171, 171)",N/A,N/A,No
2,15:54:33,"(268, 165, 168, 168)",N/A,N/A,No
2,15:54:33,"(266, 166, 171, 171)",N/A,N/A,No
2,15:54:33,"(268, 170, 164, 164)",N/A,N/A,No
2,15:54:33,"(263, 165, 174, 174)",N/A,N/A,No
2,15:54:33,"(265, 167, 169, 169)",N/A,N/A,No
2,15:54:33,"(265, 166, 168, 168)",N/A,N/A,No
2,15:54:33,"(257, 159, 181, 181)",N/A,N/A,No
2,15:54:33,"(266, 165, 166, 166)",N/A,N/A,No
2,15:54:33,"(258, 159, 180, 180)",N/A,N/A,No
2,15:54:33,"(261, 164, 174, 174)",N/A,N/A,No
2,15:54:33,"(261, 164, 174, 174)",N/A,N/A,No
2,15:54:33,"(263, 162, 172, 172)",N/A,N/A,No
2,15:54:33,"(262, 165, 174, 174)",N/A,N/A,No
2,15:54:33,"(264, 164, 172, 172)",N/A,N/A,No
2,15:54:33,"(258, 160, 177, 177)",N/A,N/A,No
2,15:54:33,"(259, 162, 175, 175)",N/A,N/A,No
2,15:54:33,"(259, 162, 175, 175)",N/A,N/A,No
2,15:54:34,"(259, 160, 174, 174)",N/A,N/A,No
2,15:54:34,"(258, 160, 177, 177)",N/A,N/A,No
2,15:54:34,"(260, 162, 174, 174)",N/A,N/A,No
2,15:54:34,"(262, 165, 170, 170)",N/A,N/A,No
2,15:54:34,"(255, 158, 181, 181)",N/A,N/A,No
2,15:54:34,"(262, 163, 170, 170)",N/A,N/A,No
2,15:54:34,"(260, 162, 174, 174)",N/A,N/A,No
2,15:54:34,"(266, 165, 164, 164)",N/A,N/A,No
2,15:54:34,"(261, 163, 172, 172)",N/A,N/A,No
2,15:54:34,"(260, 161, 174, 174)",N/A,N/A,No
2,15:54:34,"(262, 164, 171, 171)",N/A,N/A,No
2,15:54:34,"(260, 162, 174, 174)",N/A,N/A,No
2,15:54:34,"(266, 167, 164, 164)",N/A,N/A,No
2,15:54:34,"(262, 164, 170, 170)",N/A,N/A,No
2,15:54:34,"(263, 164, 169, 169)",N/A,N/A,No
2,15:54:34,"(260, 162, 171, 171)",N/A,N/A,No
2,15:54:34,"(262, 161, 172, 172)",N/A,N/A,No
2,15:54:34,"(260, 162, 174, 174)",N/A,N/A,No
2,15:54:34,"(264, 166, 166, 166)",N/A,N/A,No
2,15:54:34,"(265, 168, 168, 168)",N/A,N/A,No
2,15:54:34,"(261, 162, 171, 171)",N/A,N/A,No
2,15:54:34,"(258, 162, 180, 180)",N/A,N/A,No
2,15:54:34,"(264, 167, 165, 165)",N/A,N/A,No
2,15:54:34,"(263, 163, 168, 168)",N/A,N/A,No
2,15:54:34,"(265, 169, 162, 162)",N/A,N/A,No
2,15:54:34,"(263, 166, 167, 167)",N/A,N/A,No
2,15:54:35,"(262, 164, 170, 170)",N/A,N/A,No
2,15:54:35,"(264, 166, 167, 167)",N/A,N/A,No
2,15:54:35,"(259, 164, 177, 177)",N/A,N/A,No
2,15:54:35,"(257, 162, 176, 176)",N/A,N/A,No
2,15:54:35,"(262, 167, 166, 166)",N/A,N/A,No
2,15:54:35,"(253, 160, 182, 182)",N/A,N/A,No
2,15:54:35,"(262, 166, 170, 170)",N/A,N/A,No
2,15:54:35,"(257, 161, 178, 178)",N/A,N/A,No
2,15:54:35,"(260, 163, 174, 174)",N/A,N/A,No
2,15:54:35,"(260, 162, 175, 175)",N/A,N/A,No
2,15:54:35,"(257, 163, 177, 177)",N/A,N/A,No
2,15:54:35,"(256, 161, 178, 178)",N/A,N/A,No
2,15:54:35,"(260, 164, 174, 174)",N/A,N/A,No
2,15:54:35,"(262, 165, 171, 171)",N/A,N/A,No
2,15:54:35,"(258, 161, 174, 174)",N/A,N/A,No
2,15:54:35,"(260, 164, 171, 171)",N/A,N/A,No
2,15:54:35,"(262, 163, 170, 170)",N/A,N/A,No
2,15:54:35,"(260, 162, 172, 172)",N/A,N/A,No
2,15:54:35,"(260, 162, 172, 172)",N/A,N/A,No
2,15:54:35,"(258, 162, 176, 176)",N/A,N/A,No
2,15:54:35,"(261, 163, 174, 174)",N/A,N/A,No
2,15:54:35,"(262, 165, 174, 174)",N/A,N/A,No
2,15:54:35,"(259, 165, 174, 174)",N/A,N/A,No
2,15:54:35,"(261, 166, 169, 169)",N/A,N/A,No
2,15:54:35,"(261, 166, 176, 176)",N/A,N/A,No
2,15:54:35,"(260, 165, 174, 174)",N/A,N/A,No
2,15:54:36,"(256, 161, 182, 182)",N/A,N/A,No
2,15:54:36,"(258, 164, 177, 177)",N/A,N/A,No
2,15:54:36,"(260, 165, 175, 175)",N/A,N/A,No
2,15:54:36,"(254, 163, 179, 179)",N/A,N/A,No
2,15:54:36,"(259, 166, 175, 175)",N/A,N/A,No
2,15:54:36,"(255, 165, 176, 176)",N/A,N/A,No
2,15:54:36,"(252, 158, 187, 187)",N/A,N/A,No
2,15:54:36,"(252, 161, 184, 184)",N/A,N/A,No
2,15:54:36,"(253, 160, 186, 186)",N/A,N/A,No
2,15:54:36,"(253, 160, 186, 186)",N/A,N/A,No
2,15:54:36,"(250, 161, 188, 188)",N/A,N/A,No
2,15:54:36,"(247, 160, 191, 191)",N/A,N/A,No
2,15:54:36,"(261, 169, 172, 172)",N/A,N/A,No
2,15:54:36,"(254, 161, 184, 184)",N/A,N/A,No
2,15:54:36,"(259, 165, 177, 177)",N/A,N/A,No
2,15:54:36,"(257, 164, 176, 176)",N/A,N/A,No
2,15:54:36,"(258, 165, 171, 171)",N/A,N/A,No
2,15:54:36,"(259, 159, 174, 174)",N/A,N/A,No
2,15:54:36,"(258, 161, 176, 176)",N/A,N/A,No
2,15:54:36,"(256, 161, 176, 176)",N/A,N/A,No
2,15:54:36,"(257, 163, 172, 172)",N/A,N/A,No
2,15:54:36,"(255, 162, 175, 175)",N/A,N/A,No
2,15:54:36,"(245, 152, 185, 185)",N/A,N/A,No
2,15:54:36,"(246, 156, 188, 188)",N/A,N/A,No
2,15:54:36,"(252, 164, 196, 196)",N/A,N/A,No
2,15:54:38,"(247, 194, 166, 166)",N/A,N/A,No
2,15:54:38,"(247, 194, 166, 166)",N/A,N/A,No
2,15:54:38,"(229, 181, 188, 188)",N/A,N/A,No
2,15:54:38,"(249, 193, 158, 158)",N/A,N/A,No
2,15:54:38,"(250, 196, 158, 158)",N/A,N/A,No
2,15:54:42,"(251, 182, 158, 158)",N/A,N/A,No
2,15:54:51,"(254, 176, 151, 151)",N/A,N/A,No
2,15:54:51,"(255, 167, 151, 151)",N/A,N/A,No
2,15:54:51,"(258, 170, 151, 151)",N/A,N/A,No
2,15:54:52,"(251, 154, 181, 181)",N/A,N/A,No
2,15:54:52,"(245, 151, 196, 196)",N/A,N/A,No
2,15:54:52,"(251, 152, 183, 183)",N/A,N/A,No
2,15:54:52,"(250, 153, 185, 185)",N/A,N/A,No
2,15:54:52,"(258, 161, 177, 177)",N/A,N/A,No
2,15:54:52,"(256, 157, 181, 181)",N/A,N/A,No
2,15:54:52,"(256, 157, 181, 181)",N/A,N/A,No
2,15:54:52,"(257, 158, 181, 181)",N/A,N/A,No
2,15:54:53,"(261, 163, 170, 170)",N/A,N/A,No
2,15:54:53,"(267, 168, 166, 166)",N/A,N/A,No
2,15:54:53,"(257, 158, 181, 181)",N/A,N/A,No
2,15:54:53,"(258, 157, 185, 185)",N/A,N/A,No
2,15:54:53,"(260, 161, 174, 174)",N/A,N/A,No
2,15:54:53,"(262, 163, 174, 174)",N/A,N/A,No
2,15:54:53,"(262, 165, 174, 174)",N/A,N/A,No
2,15:54:53,"(267, 166, 166, 166)",N/A,N/A,No
2,15:54:53,"(252, 148, 191, 191)",N/A,N/A,No
2,15:54:53,"(253, 149, 190, 190)",N/A,N/A,No
2,15:54:53,"(252, 146, 188, 188)",N/A,N/A,No
2,15:54:53,"(258, 157, 176, 176)",N/A,N/A,No
2,15:54:54,"(255, 149, 185, 185)",N/A,N/A,No
2,15:54:54,"(253, 146, 190, 190)",N/A,N/A,No
2,15:54:54,"(254, 136, 204, 204)",N/A,N/A,No
2,15:54:54,"(255, 141, 196, 196)",N/A,N/A,No
2,15:54:54,"(255, 144, 196, 196)",N/A,N/A,No
2,15:54:54,"(260, 150, 188, 188)",N/A,N/A,No
2,15:54:54,"(252, 145, 196, 196)",N/A,N/A,No
2,15:54:54,"(252, 146, 196, 196)",N/A,N/A,No
2,15:54:54,"(249, 140, 196, 196)",N/A,N/A,No
2,15:54:55,"(252, 145, 196, 196)",N/A,N/A,No
2,15:54:55,"(249, 133, 221, 221)",N/A,N/A,No
2,15:54:55,"(247, 134, 226, 226)",N/A,N/A,No
2,15:54:55,"(249, 134, 226, 226)",N/A,N/A,No
2,15:54:56,"(266, 145, 206, 206)",N/A,N/A,No
2,15:54:56,"(263, 142, 213, 213)",N/A,N/A,No
2,15:54:56,"(270, 149, 196, 196)",N/A,N/A,No
2,15:54:57,"(275, 146, 196, 196)",N/A,N/A,No
2,15:54:57,"(270, 142, 204, 204)",N/A,N/A,No
2,15:54:57,"(271, 142, 203, 203)",N/A,N/A,No
2,15:54:57,"(274, 133, 201, 201)",N/A,N/A,No
2,15:54:57,"(273, 135, 201, 201)",N/A,N/A,No
2,15:54:57,"(273, 134, 201, 201)",N/A,N/A,No
2,15:54:57,"(270, 133, 205, 205)",N/A,N/A,No
2,15:54:57,"(269, 135, 201, 201)",N/A,N/A,No
2,15:54:57,"(270, 134, 201, 201)",N/A,N/A,No
2,15:54:57,"(273, 136, 196, 196)",N/A,N/A,No
2,15:54:57,"(260, 139, 196, 196)",N/A,N/A,No
2,15:54:58,"(262, 142, 196, 196)",N/A,N/A,No
2,15:54:58,"(266, 143, 196, 196)",N/A,N/A,No
2,15:54:58,"(266, 142, 196, 196)",N/A,N/A,No
2,15:54:58,"(265, 144, 196, 196)",N/A,N/A,No
2,15:54:58,"(269, 147, 196, 196)",N/A,N/A,No
2,15:54:58,"(270, 145, 196, 196)",N/A,N/A,No
2,15:54:58,"(272, 147, 196, 196)",N/A,N/A,No
2,15:54:58,"(271, 145, 196, 196)",N/A,N/A,No
2,15:54:58,"(270, 147, 196, 196)",N/A,N/A,No
2,15:54:58,"(269, 147, 196, 196)",N/A,N/A,No
2,15:54:58,"(269, 145, 196, 196)",N/A,N/A,No
2,15:54:58,"(270, 146, 196, 196)",N/A,N/A,No
2,15:54:59,"(271, 143, 196, 196)",N/A,N/A,No
2,15:54:59,"(268, 139, 209, 209)",N/A,N/A,No
2,15:54:59,"(265, 137, 214, 214)",N/A,N/A,No
2,15:54:59,"(271, 145, 202, 202)",N/A,N/A,No
2,15:54:59,"(269, 138, 206, 206)",N/A,N/A,No
2,15:54:59,"(273, 138, 202, 202)",N/A,N/A,No
2,15:54:59,"(267, 139, 208, 208)",N/A,N/A,No
2,15:54:59,"(268, 137, 207, 207)",N/A,N/A,No
2,15:54:59,"(269, 138, 208, 208)",N/A,N/A,No
2,15:54:59,"(269, 138, 208, 208)",N/A,N/A,No
2,15:54:59,"(269, 139, 211, 211)",N/A,N/A,No
2,15:54:59,"(267, 137, 213, 213)",N/A,N/A,No
2,15:54:59,"(271, 142, 202, 202)",N/A,N/A,No
2,15:54:59,"(270, 137, 211, 211)",N/A,N/A,No
2,15:54:59,"(274, 145, 196, 196)",N/A,N/A,No
2,15:54:59,"(271, 139, 203, 203)",N/A,N/A,No
2,15:54:59,"(272, 142, 196, 196)",N/A,N/A,No
2,15:54:59,"(270, 139, 209, 209)",N/A,N/A,No
2,15:54:59,"(266, 139, 212, 212)",N/A,N/A,No
2,15:54:59,"(267, 140, 210, 210)",N/A,N/A,No
2,15:54:59,"(271, 145, 202, 202)",N/A,N/A,No
2,15:55:00,"(268, 139, 207, 207)",N/A,N/A,No
2,15:55:00,"(269, 141, 205, 205)",N/A,N/A,No
2,15:55:00,"(272, 145, 197, 197)",N/A,N/A,No
2,15:55:00,"(270, 142, 201, 201)",N/A,N/A,No
2,15:55:00,"(267, 137, 209, 209)",N/A,N/A,No
2,15:55:00,"(269, 137, 210, 210)",N/A,N/A,No
2,15:55:00,"(272, 143, 201, 201)",N/A,N/A,No
2,15:55:00,"(267, 142, 206, 206)",N/A,N/A,No
2,15:55:00,"(264, 143, 208, 208)",N/A,N/A,No
2,15:55:00,"(266, 141, 209, 209)",N/A,N/A,No
2,15:55:00,"(266, 140, 208, 208)",N/A,N/A,No
2,15:55:00,"(265, 140, 207, 207)",N/A,N/A,No
2,15:55:00,"(265, 143, 211, 211)",N/A,N/A,No
2,15:55:00,"(263, 141, 212, 212)",N/A,N/A,No
2,15:55:00,"(266, 139, 209, 209)",N/A,N/A,No
2,15:55:00,"(270, 146, 203, 203)",N/A,N/A,No
2,15:55:00,"(271, 145, 203, 203)",N/A,N/A,No
2,15:55:00,"(270, 149, 196, 196)",N/A,N/A,No
2,15:55:00,"(270, 143, 203, 203)",N/A,N/A,No
2,15:55:00,"(263, 141, 214, 214)",N/A,N/A,No
2,15:55:00,"(270, 143, 204, 204)",N/A,N/A,No
2,15:55:00,"(270, 142, 196, 196)",N/A,N/A,No
2,15:55:00,"(269, 144, 203, 203)",N/A,N/A,No
2,15:55:00,"(269, 142, 202, 202)",N/A,N/A,No
2,15:55:00,"(274, 147, 196, 196)",N/A,N/A,No
2,15:55:00,"(270, 141, 203, 203)",N/A,N/A,No
2,15:55:01,"(270, 141, 206, 206)",N/A,N/A,No
2,15:55:01,"(271, 142, 203, 203)",N/A,N/A,No
2,15:55:01,"(273, 144, 196, 196)",N/A,N/A,No
2,15:55:01,"(273, 148, 196, 196)",N/A,N/A,No
2,15:55:01,"(266, 140, 216, 216)",N/A,N/A,No
2,15:55:01,"(265, 140, 216, 216)",N/A,N/A,No
2,15:55:01,"(273, 148, 196, 196)",N/A,N/A,No
2,15:55:01,"(269, 142, 211, 211)",N/A,N/A,No
2,15:55:01,"(271, 144, 204, 204)",N/A,N/A,No
2,15:55:01,"(275, 141, 206, 206)",N/A,N/A,No
2,15:55:02,"(274, 142, 206, 206)",N/A,N/A,No
2,15:55:02,"(265, 142, 216, 216)",N/A,N/A,No
2,15:55:02,"(268, 150, 216, 216)",N/A,N/A,No
2,15:55:02,"(271, 149, 213, 213)",N/A,N/A,No
2,15:55:02,"(266, 144, 216, 216)",N/A,N/A,No
2,15:55:02,"(276, 154, 206, 206)",N/A,N/A,No
2,15:55:03,"(271, 146, 226, 226)",N/A,N/A,No
2,15:55:03,"(270, 148, 221, 221)",N/A,N/A,No
2,15:55:03,"(276, 158, 206, 206)",N/A,N/A,No
2,15:55:03,"(268, 144, 226, 226)",N/A,N/A,No
2,15:55:03,"(271, 146, 222, 222)",N/A,N/A,No
2,15:55:03,"(269, 144, 222, 222)",N/A,N/A,No
2,15:55:03,"(268, 143, 226, 226)",N/A,N/A,No
2,15:55:03,"(273, 150, 213, 213)",N/A,N/A,No
2,15:55:03,"(270, 144, 222, 222)",N/A,N/A,No
2,15:55:03,"(274, 146, 216, 216)",N/A,N/A,No
2,15:55:03,"(269, 142, 222, 222)",N/A,N/A,No
2,15:55:03,"(270, 145, 221, 221)",N/A,N/A,No
2,15:55:03,"(271, 145, 222, 222)",N/A,N/A,No
2,15:55:03,"(270, 146, 221, 221)",N/A,N/A,No
2,15:55:03,"(267, 139, 230, 230)",N/A,N/A,No
2,15:55:03,"(265, 145, 221, 221)",N/A,N/A,No
2,15:55:03,"(266, 140, 229, 229)",N/A,N/A,No
2,15:55:03,"(273, 144, 212, 212)",N/A,N/A,No
2,15:55:03,"(282, 149, 196, 196)",N/A,N/A,No
2,15:55:04,"(280, 145, 201, 201)",N/A,N/A,No
2,15:55:04,"(271, 138, 214, 214)",N/A,N/A,No
2,15:55:04,"(282, 145, 196, 196)",N/A,N/A,No
2,15:55:04,"(280, 148, 196, 196)",N/A,N/A,No
2,15:55:04,"(282, 142, 203, 203)",N/A,N/A,No
2,15:55:04,"(278, 141, 209, 209)",N/A,N/A,No
2,15:55:04,"(276, 142, 208, 208)",N/A,N/A,No
2,15:55:04,"(278, 140, 207, 207)",N/A,N/A,No
2,15:55:04,"(279, 142, 207, 207)",N/A,N/A,No
2,15:55:04,"(278, 141, 204, 204)",N/A,N/A,No
2,15:55:04,"(277, 141, 209, 209)",N/A,N/A,No
2,15:55:04,"(279, 139, 207, 207)",N/A,N/A,No
2,15:55:04,"(278, 143, 203, 203)",N/A,N/A,No
2,15:55:04,"(278, 142, 203, 203)",N/A,N/A,No
2,15:55:04,"(278, 133, 212, 212)",N/A,N/A,No
2,15:55:04,"(288, 142, 206, 206)",N/A,N/A,No
2,15:55:04,"(301, 148, 196, 196)",N/A,N/A,No
2,15:55:06,"(309, 144, 196, 196)",N/A,N/A,No
2,15:55:06,"(303, 133, 214, 214)",N/A,N/A,No
2,15:55:06,"(306, 138, 207, 207)",N/A,N/A,No
2,15:55:06,"(306, 136, 208, 208)",N/A,N/A,No
2,15:55:06,"(316, 144, 196, 196)",N/A,N/A,No
1,16:05:10,"(288, 124, 196, 196)",No
2,16:05:10,"(289, 124, 196, 196)",No
3,16:05:10,"(284, 125, 196, 196)",No
4,16:05:10,"(285, 115, 211, 211)",No
5,16:05:11,"(283, 115, 208, 208)",No
6,16:05:11,"(289, 120, 196, 196)",No
7,16:05:11,"(286, 113, 202, 202)",No
8,16:05:11,"(276, 107, 213, 213)",No
9,16:05:11,"(277, 110, 207, 207)",No
10,16:05:11,"(280, 109, 208, 208)",No
11,16:05:11,"(275, 104, 212, 212)",No
12,16:05:11,"(275, 108, 207, 207)",No
13,16:05:11,"(269, 102, 217, 217)",No
14,16:05:11,"(273, 108, 209, 209)",No
15,16:05:11,"(270, 103, 214, 214)",No
16,16:05:11,"(271, 106, 210, 210)",No
17,16:05:11,"(268, 105, 214, 214)",No
18,16:05:11,"(267, 106, 212, 212)",No
19,16:05:11,"(270, 108, 208, 208)",No
20,16:05:11,"(262, 104, 217, 217)",No
21,16:05:11,"(267, 107, 211, 211)",No
22,16:05:11,"(264, 104, 216, 216)",No
23,16:05:11,"(264, 105, 214, 214)",No
24,16:05:11,"(266, 106, 210, 210)",No
25,16:05:11,"(268, 105, 212, 212)",No
26,16:05:11,"(267, 104, 216, 216)",No
27,16:05:11,"(267, 104, 216, 216)",No
28,16:05:11,"(268, 109, 206, 206)",No
29,16:05:11,"(268, 109, 211, 211)",No
30,16:05:11,"(268, 113, 206, 206)",No
31,16:05:11,"(269, 109, 209, 209)",No
32,16:05:11,"(266, 108, 214, 214)",No
33,16:05:12,"(265, 105, 214, 214)",No
34,16:05:12,"(266, 103, 216, 216)",No
35,16:05:12,"(263, 103, 217, 217)",No
36,16:05:12,"(274, 114, 201, 201)",No
37,16:05:12,"(270, 109, 207, 207)",No
38,16:05:12,"(272, 112, 202, 202)",No
39,16:05:12,"(271, 114, 202, 202)",No
40,16:05:12,"(267, 108, 212, 212)",No
41,16:05:12,"(276, 115, 196, 196)",No
42,16:05:12,"(266, 110, 208, 208)",No
43,16:05:12,"(263, 105, 214, 214)",No
44,16:05:12,"(271, 118, 196, 196)",No
45,16:05:12,"(264, 105, 211, 211)",No
46,16:05:12,"(264, 105, 210, 210)",No
47,16:05:12,"(263, 101, 216, 216)",No
48,16:05:12,"(269, 108, 203, 203)",No
49,16:05:12,"(270, 114, 196, 196)",No
50,16:05:12,"(262, 110, 204, 204)",No
51,16:05:12,"(269, 113, 196, 196)",No
52,16:05:12,"(265, 112, 196, 196)",No
53,16:05:12,"(260, 107, 207, 207)",No
54,16:05:12,"(261, 104, 205, 205)",No
55,16:05:12,"(261, 108, 201, 201)",No
56,16:05:12,"(261, 109, 197, 197)",No
57,16:05:12,"(257, 105, 204, 204)",No
58,16:05:12,"(266, 112, 191, 191)",No
59,16:05:12,"(263, 116, 190, 190)",No
60,16:05:13,"(256, 111, 196, 196)",No
61,16:05:13,"(250, 106, 203, 203)",No
62,16:05:13,"(254, 113, 196, 196)",No
63,16:05:13,"(254, 109, 196, 196)",No
64,16:05:13,"(257, 114, 191, 191)",No
65,16:05:13,"(263, 114, 192, 192)",No
66,16:05:13,"(260, 110, 196, 196)",No
67,16:05:13,"(263, 114, 192, 192)",No
68,16:05:13,"(266, 115, 188, 188)",No
69,16:05:13,"(260, 111, 197, 197)",No
70,16:05:13,"(266, 115, 196, 196)",No
71,16:05:13,"(263, 118, 196, 196)",No
72,16:05:13,"(267, 116, 196, 196)",No
73,16:05:13,"(266, 116, 196, 196)",No
74,16:05:13,"(263, 114, 196, 196)",No
75,16:05:13,"(268, 119, 191, 191)",No
76,16:05:13,"(263, 112, 201, 201)",No
77,16:05:13,"(265, 115, 196, 196)",No
78,16:05:13,"(261, 114, 196, 196)",No
79,16:05:13,"(264, 112, 196, 196)",No
80,16:05:14,"(236, 118, 196, 196)",No
81,16:05:14,"(231, 123, 196, 196)",No
82,16:05:14,"(228, 125, 196, 196)",No
1,16:06:29,"(291, 133, 235, 235)",25,"{'Woman': 0.051803403766825795, 'Man': 99.94819760322571}",No
1,16:06:29,"(256, 129, 248, 248)",N/A,N/A,No
1,16:06:29,"(256, 132, 238, 238)",N/A,N/A,No
1,16:06:30,"(265, 140, 226, 226)",N/A,N/A,No
1,16:06:30,"(260, 134, 238, 238)",N/A,N/A,No
1,16:06:30,"(264, 133, 226, 226)",N/A,N/A,No
1,16:06:30,"(262, 129, 233, 233)",N/A,N/A,No
1,16:06:30,"(264, 137, 226, 226)",N/A,N/A,No
1,16:06:30,"(270, 143, 206, 206)",N/A,N/A,No
1,16:06:30,"(275, 141, 206, 206)",N/A,N/A,No
1,16:06:30,"(262, 139, 226, 226)",N/A,N/A,No
1,16:06:30,"(267, 139, 216, 216)",N/A,N/A,No
1,16:06:30,"(264, 137, 222, 222)",N/A,N/A,No
1,16:06:30,"(265, 136, 226, 226)",N/A,N/A,No
1,16:06:30,"(259, 133, 233, 233)",N/A,N/A,No
1,16:06:30,"(264, 139, 218, 218)",N/A,N/A,No
1,16:06:30,"(257, 133, 231, 231)",N/A,N/A,No
1,16:06:30,"(264, 137, 216, 216)",N/A,N/A,No
1,16:06:31,"(259, 137, 222, 222)",N/A,N/A,No
1,16:06:31,"(263, 139, 221, 221)",N/A,N/A,No
1,16:06:31,"(258, 135, 230, 230)",N/A,N/A,No
1,16:06:31,"(262, 139, 217, 217)",N/A,N/A,No
1,16:06:31,"(260, 136, 226, 226)",N/A,N/A,No
1,16:06:31,"(261, 133, 229, 229)",N/A,N/A,No
1,16:06:31,"(260, 139, 222, 222)",N/A,N/A,No
1,16:06:31,"(267, 139, 216, 216)",N/A,N/A,No
1,16:06:31,"(262, 141, 222, 222)",N/A,N/A,No
1,16:06:31,"(261, 137, 228, 228)",N/A,N/A,No
1,16:06:31,"(266, 145, 214, 214)",N/A,N/A,No
1,16:06:31,"(257, 135, 228, 228)",N/A,N/A,No
1,16:06:31,"(256, 136, 228, 228)",N/A,N/A,No
1,16:06:31,"(261, 140, 223, 223)",N/A,N/A,No
1,16:06:31,"(259, 136, 226, 226)",N/A,N/A,No
1,16:06:31,"(259, 136, 226, 226)",N/A,N/A,No
1,16:06:31,"(263, 141, 221, 221)",N/A,N/A,No
1,16:06:31,"(255, 135, 231, 231)",N/A,N/A,No
1,16:06:31,"(261, 140, 223, 223)",N/A,N/A,No
1,16:06:31,"(253, 132, 235, 235)",N/A,N/A,No
1,16:06:31,"(258, 137, 229, 229)",N/A,N/A,No
1,16:06:31,"(255, 133, 231, 231)",N/A,N/A,No
1,16:06:31,"(255, 135, 231, 231)",N/A,N/A,No
1,16:06:31,"(258, 137, 230, 230)",N/A,N/A,No
1,16:06:31,"(252, 135, 235, 235)",N/A,N/A,No
1,16:06:31,"(257, 134, 233, 233)",N/A,N/A,No
1,16:06:32,"(258, 139, 229, 229)",N/A,N/A,No
1,16:06:32,"(262, 141, 220, 220)",N/A,N/A,No
1,16:06:32,"(260, 137, 226, 226)",N/A,N/A,No
1,16:06:32,"(262, 135, 230, 230)",N/A,N/A,No
1,16:06:32,"(259, 140, 229, 229)",N/A,N/A,No
1,16:06:32,"(251, 133, 235, 235)",N/A,N/A,No
1,16:06:32,"(259, 139, 221, 221)",N/A,N/A,No
1,16:06:32,"(257, 139, 233, 233)",N/A,N/A,No
1,16:06:32,"(265, 142, 218, 218)",N/A,N/A,No
1,16:06:32,"(254, 134, 230, 230)",N/A,N/A,No
1,16:06:32,"(262, 144, 216, 216)",N/A,N/A,No
1,16:06:32,"(270, 150, 206, 206)",N/A,N/A,No
1,16:06:32,"(263, 143, 221, 221)",N/A,N/A,No
1,16:06:33,"(262, 135, 235, 235)",N/A,N/A,No
1,16:06:33,"(253, 135, 235, 235)",N/A,N/A,No
1,16:06:33,"(255, 137, 245, 245)",N/A,N/A,No
1,16:06:33,"(262, 143, 233, 233)",N/A,N/A,No
1,16:06:33,"(257, 139, 238, 238)",N/A,N/A,No
1,16:06:33,"(265, 141, 235, 235)",N/A,N/A,No
1,16:06:33,"(262, 141, 226, 226)",N/A,N/A,No
1,16:06:33,"(263, 140, 233, 233)",N/A,N/A,No
1,16:06:33,"(268, 145, 222, 222)",N/A,N/A,No
1,16:06:33,"(260, 139, 231, 231)",N/A,N/A,No
1,16:06:34,"(258, 138, 235, 235)",N/A,N/A,No
1,16:06:34,"(261, 139, 228, 228)",N/A,N/A,No
1,16:06:34,"(266, 144, 226, 226)",N/A,N/A,No
1,16:06:34,"(265, 142, 226, 226)",N/A,N/A,No
1,16:06:34,"(260, 141, 229, 229)",N/A,N/A,No
1,16:06:34,"(261, 141, 229, 229)",N/A,N/A,No
1,16:06:34,"(261, 141, 229, 229)",N/A,N/A,No
1,16:06:34,"(264, 139, 231, 231)",N/A,N/A,No
1,16:06:34,"(262, 142, 228, 228)",N/A,N/A,No
1,16:06:34,"(267, 144, 226, 226)",N/A,N/A,No
1,16:06:34,"(260, 140, 230, 230)",N/A,N/A,No
1,16:06:34,"(264, 145, 222, 222)",N/A,N/A,No
1,16:06:34,"(269, 147, 220, 220)",N/A,N/A,No
1,16:06:34,"(269, 146, 221, 221)",N/A,N/A,No
1,16:06:34,"(267, 147, 219, 219)",N/A,N/A,No
1,16:06:34,"(266, 147, 220, 220)",N/A,N/A,No
1,16:06:34,"(265, 148, 218, 218)",N/A,N/A,No
1,16:06:34,"(267, 147, 217, 217)",N/A,N/A,No
1,16:06:34,"(265, 148, 217, 217)",N/A,N/A,No
1,16:06:34,"(267, 145, 217, 217)",N/A,N/A,No
1,16:06:34,"(270, 149, 211, 211)",N/A,N/A,No
1,16:06:34,"(268, 149, 214, 214)",N/A,N/A,No
1,16:06:34,"(275, 154, 202, 202)",N/A,N/A,No
1,16:06:35,"(268, 150, 210, 210)",N/A,N/A,No
1,16:06:35,"(270, 150, 212, 212)",N/A,N/A,No
1,16:06:35,"(269, 149, 212, 212)",N/A,N/A,No
1,16:06:35,"(267, 148, 216, 216)",N/A,N/A,No
1,16:06:35,"(271, 151, 212, 212)",N/A,N/A,No
1,16:06:35,"(270, 151, 214, 214)",N/A,N/A,No
1,16:06:35,"(274, 151, 207, 207)",N/A,N/A,No
1,16:06:35,"(275, 150, 211, 211)",N/A,N/A,No
1,16:06:35,"(273, 150, 213, 213)",N/A,N/A,No
1,16:06:35,"(271, 148, 216, 216)",N/A,N/A,No
1,16:06:35,"(275, 153, 206, 206)",N/A,N/A,No
1,16:06:35,"(273, 150, 214, 214)",N/A,N/A,No
1,16:06:35,"(271, 152, 211, 211)",N/A,N/A,No
1,16:06:35,"(272, 151, 211, 211)",N/A,N/A,No
1,16:06:35,"(272, 152, 211, 211)",N/A,N/A,No
1,16:06:35,"(267, 146, 222, 222)",N/A,N/A,No
1,16:06:35,"(268, 148, 218, 218)",N/A,N/A,No
1,16:06:35,"(269, 148, 219, 219)",N/A,N/A,No
1,16:06:35,"(272, 151, 212, 212)",N/A,N/A,No
1,16:06:35,"(268, 148, 220, 220)",N/A,N/A,No
1,16:06:35,"(269, 150, 217, 217)",N/A,N/A,No
1,16:06:35,"(264, 142, 229, 229)",N/A,N/A,No
1,16:06:35,"(267, 146, 224, 224)",N/A,N/A,No
1,16:06:36,"(267, 148, 219, 219)",N/A,N/A,No
1,16:06:36,"(268, 146, 221, 221)",N/A,N/A,No
1,16:06:36,"(267, 150, 218, 218)",N/A,N/A,No
1,16:06:36,"(264, 144, 228, 228)",N/A,N/A,No
1,16:06:36,"(268, 149, 221, 221)",N/A,N/A,No
1,16:06:36,"(265, 149, 221, 221)",N/A,N/A,No
1,16:06:36,"(270, 149, 220, 220)",N/A,N/A,No
1,16:06:36,"(270, 152, 217, 217)",N/A,N/A,No
1,16:06:36,"(270, 150, 216, 216)",N/A,N/A,No
1,16:06:36,"(267, 147, 224, 224)",N/A,N/A,No
1,16:06:36,"(266, 146, 224, 224)",N/A,N/A,No
1,16:06:36,"(269, 148, 221, 221)",N/A,N/A,No
1,16:06:36,"(267, 145, 226, 226)",N/A,N/A,No
1,16:06:36,"(271, 147, 219, 219)",N/A,N/A,No
1,16:06:36,"(271, 149, 217, 217)",N/A,N/A,No
1,16:06:36,"(272, 151, 212, 212)",N/A,N/A,No
1,16:06:36,"(266, 150, 214, 214)",N/A,N/A,No
1,16:06:36,"(266, 148, 221, 221)",N/A,N/A,No
1,16:06:36,"(274, 153, 207, 207)",N/A,N/A,No
1,16:06:36,"(261, 145, 226, 226)",N/A,N/A,No
1,16:06:36,"(262, 144, 228, 228)",N/A,N/A,No
1,16:06:36,"(261, 143, 226, 226)",N/A,N/A,No
1,16:06:36,"(267, 149, 220, 220)",N/A,N/A,No
1,16:06:36,"(266, 147, 220, 220)",N/A,N/A,No
1,16:06:37,"(263, 144, 223, 223)",N/A,N/A,No
1,16:06:37,"(268, 151, 214, 214)",N/A,N/A,No
1,16:06:37,"(270, 148, 217, 217)",N/A,N/A,No
1,16:06:37,"(266, 145, 226, 226)",N/A,N/A,No
1,16:06:37,"(272, 150, 217, 217)",N/A,N/A,No
1,16:06:37,"(265, 145, 226, 226)",N/A,N/A,No
1,16:06:37,"(271, 150, 219, 219)",N/A,N/A,No
1,16:06:37,"(270, 149, 216, 216)",N/A,N/A,No
1,16:06:37,"(268, 152, 216, 216)",N/A,N/A,No
1,16:06:37,"(263, 147, 223, 223)",N/A,N/A,No
1,16:06:37,"(271, 149, 214, 214)",N/A,N/A,No
1,16:06:37,"(269, 147, 217, 217)",N/A,N/A,No
1,16:06:37,"(269, 148, 217, 217)",N/A,N/A,No
1,16:06:37,"(274, 150, 209, 209)",N/A,N/A,No
1,16:06:37,"(272, 152, 211, 211)",N/A,N/A,No
1,16:06:37,"(265, 145, 224, 224)",N/A,N/A,No
1,16:06:37,"(266, 147, 218, 218)",N/A,N/A,No
1,16:06:37,"(264, 143, 226, 226)",N/A,N/A,No
1,16:06:37,"(271, 150, 216, 216)",N/A,N/A,No
1,16:06:37,"(270, 149, 217, 217)",N/A,N/A,No
1,16:06:37,"(266, 148, 217, 217)",N/A,N/A,No
1,16:06:37,"(267, 147, 220, 220)",N/A,N/A,No
1,16:06:37,"(274, 152, 209, 209)",N/A,N/A,No
1,16:06:37,"(267, 150, 216, 216)",N/A,N/A,No
1,16:06:37,"(264, 145, 224, 224)",N/A,N/A,No
1,16:06:38,"(267, 152, 213, 213)",N/A,N/A,No
1,16:06:38,"(264, 148, 220, 220)",N/A,N/A,No
1,16:06:38,"(264, 148, 220, 220)",N/A,N/A,No
1,16:06:38,"(262, 146, 224, 224)",N/A,N/A,No
1,16:06:38,"(266, 148, 217, 217)",N/A,N/A,No
1,16:06:38,"(261, 145, 224, 224)",N/A,N/A,No
1,16:06:38,"(261, 144, 226, 226)",N/A,N/A,No
1,16:06:38,"(262, 149, 217, 217)",N/A,N/A,No
1,16:06:38,"(260, 146, 222, 222)",N/A,N/A,No
1,16:06:38,"(260, 145, 224, 224)",N/A,N/A,No
1,16:06:38,"(261, 146, 224, 224)",N/A,N/A,No
1,16:06:38,"(258, 145, 226, 226)",N/A,N/A,No
1,16:06:38,"(262, 151, 219, 219)",N/A,N/A,No
1,16:06:38,"(267, 153, 214, 214)",N/A,N/A,No
1,16:06:38,"(264, 152, 217, 217)",N/A,N/A,No
1,16:06:38,"(261, 152, 217, 217)",N/A,N/A,No
1,16:06:38,"(262, 152, 217, 217)",N/A,N/A,No
1,16:06:38,"(266, 153, 214, 214)",N/A,N/A,No
1,16:06:38,"(262, 154, 217, 217)",N/A,N/A,No
1,16:06:38,"(266, 155, 216, 216)",N/A,N/A,No
1,16:06:38,"(264, 155, 217, 217)",N/A,N/A,No
1,16:06:39,"(256, 149, 230, 230)",N/A,N/A,No
1,16:06:39,"(269, 154, 218, 218)",N/A,N/A,No
1,16:06:39,"(274, 162, 206, 206)",N/A,N/A,No
1,16:06:39,"(270, 161, 204, 204)",N/A,N/A,No
1,16:06:39,"(265, 160, 211, 211)",N/A,N/A,No
1,16:06:39,"(265, 156, 213, 213)",N/A,N/A,No
1,16:06:39,"(254, 155, 221, 221)",N/A,N/A,No
1,16:06:39,"(267, 160, 211, 211)",N/A,N/A,No
1,16:06:39,"(263, 161, 209, 209)",N/A,N/A,No
1,16:06:39,"(264, 161, 209, 209)",N/A,N/A,No
1,16:06:39,"(261, 162, 204, 204)",N/A,N/A,No
1,16:06:39,"(256, 156, 217, 217)",N/A,N/A,No
1,16:06:39,"(259, 159, 209, 209)",N/A,N/A,No
1,16:06:39,"(258, 160, 208, 208)",N/A,N/A,No
1,16:06:39,"(258, 159, 209, 209)",N/A,N/A,No
1,16:06:39,"(256, 158, 212, 212)",N/A,N/A,No
1,16:06:39,"(258, 159, 211, 211)",N/A,N/A,No
1,16:06:39,"(253, 158, 211, 211)",N/A,N/A,No
1,16:06:39,"(243, 152, 222, 222)",N/A,N/A,No
1,16:06:39,"(253, 154, 216, 216)",N/A,N/A,No
1,16:06:39,"(247, 149, 221, 221)",N/A,N/A,No
1,16:06:39,"(247, 151, 220, 220)",N/A,N/A,No
1,16:06:39,"(248, 152, 214, 214)",N/A,N/A,No
1,16:06:39,"(240, 147, 226, 226)",N/A,N/A,No
1,16:06:39,"(241, 148, 218, 218)",N/A,N/A,No
1,16:06:39,"(246, 148, 217, 217)",N/A,N/A,No
1,16:06:39,"(246, 148, 213, 213)",N/A,N/A,No
1,16:06:39,"(246, 148, 213, 213)",N/A,N/A,No
1,16:06:40,"(240, 142, 226, 226)",N/A,N/A,No
1,16:06:40,"(248, 148, 214, 214)",N/A,N/A,No
1,16:06:40,"(248, 147, 213, 213)",N/A,N/A,No
1,16:06:40,"(242, 147, 214, 214)",N/A,N/A,No
1,16:06:40,"(244, 144, 218, 218)",N/A,N/A,No
1,16:06:40,"(249, 149, 208, 208)",N/A,N/A,No
1,16:06:40,"(241, 145, 221, 221)",N/A,N/A,No
1,16:06:40,"(248, 151, 203, 203)",N/A,N/A,No
1,16:06:40,"(253, 152, 196, 196)",N/A,N/A,No
1,16:06:40,"(247, 147, 206, 206)",N/A,N/A,No
1,16:06:40,"(248, 148, 206, 206)",N/A,N/A,No
1,16:06:40,"(248, 147, 203, 203)",N/A,N/A,No
1,16:06:40,"(251, 146, 203, 203)",N/A,N/A,No
1,16:06:40,"(251, 146, 203, 203)",N/A,N/A,No
1,16:06:40,"(247, 142, 207, 207)",N/A,N/A,No
1,16:06:40,"(255, 151, 196, 196)",N/A,N/A,No
1,16:06:40,"(255, 151, 196, 196)",N/A,N/A,No
1,16:06:40,"(248, 147, 201, 201)",N/A,N/A,No
1,16:06:40,"(246, 141, 206, 206)",N/A,N/A,No
1,16:06:40,"(253, 149, 196, 196)",N/A,N/A,No
1,16:06:40,"(248, 142, 206, 206)",N/A,N/A,No
1,16:06:40,"(247, 146, 204, 204)",N/A,N/A,No
1,16:06:40,"(249, 143, 207, 207)",N/A,N/A,No
1,16:06:40,"(255, 149, 196, 196)",N/A,N/A,No
1,16:06:41,"(250, 144, 202, 202)",N/A,N/A,No
1,16:06:41,"(249, 146, 201, 201)",N/A,N/A,No
1,16:06:41,"(249, 145, 201, 201)",N/A,N/A,No
1,16:06:41,"(251, 142, 200, 200)",N/A,N/A,No
1,16:06:41,"(248, 141, 209, 209)",N/A,N/A,No
1,16:06:41,"(246, 141, 209, 209)",N/A,N/A,No
1,16:06:41,"(245, 139, 212, 212)",N/A,N/A,No
1,16:06:41,"(245, 137, 214, 214)",N/A,N/A,No
1,16:06:41,"(247, 137, 211, 211)",N/A,N/A,No
1,16:06:41,"(252, 142, 200, 200)",N/A,N/A,No
1,16:06:41,"(247, 138, 212, 212)",N/A,N/A,No
1,16:06:41,"(251, 145, 201, 201)",N/A,N/A,No
1,16:06:41,"(244, 134, 215, 215)",N/A,N/A,No
1,16:06:41,"(249, 139, 210, 210)",N/A,N/A,No
1,16:06:41,"(250, 139, 208, 208)",N/A,N/A,No
1,16:06:41,"(249, 140, 210, 210)",N/A,N/A,No
1,16:06:41,"(250, 144, 208, 208)",N/A,N/A,No
1,16:06:41,"(250, 141, 209, 209)",N/A,N/A,No
1,16:06:41,"(254, 147, 202, 202)",N/A,N/A,No
1,16:06:41,"(249, 139, 213, 213)",N/A,N/A,No
1,16:06:41,"(249, 141, 210, 210)",N/A,N/A,No
1,16:06:41,"(244, 135, 222, 222)",N/A,N/A,No
1,16:06:41,"(250, 139, 214, 214)",N/A,N/A,No
1,16:06:41,"(250, 141, 214, 214)",N/A,N/A,No
1,16:06:41,"(254, 146, 203, 203)",N/A,N/A,No
1,16:06:41,"(256, 146, 209, 209)",N/A,N/A,No
1,16:06:41,"(255, 145, 206, 206)",N/A,N/A,No
1,16:06:41,"(260, 150, 203, 203)",N/A,N/A,No
1,16:06:42,"(260, 151, 202, 202)",N/A,N/A,No
1,16:06:42,"(258, 148, 209, 209)",N/A,N/A,No
1,16:06:42,"(256, 147, 216, 216)",N/A,N/A,No
1,16:06:42,"(256, 146, 216, 216)",N/A,N/A,No
1,16:06:42,"(256, 146, 216, 216)",N/A,N/A,No
1,16:06:42,"(262, 153, 208, 208)",N/A,N/A,No
1,16:06:42,"(252, 143, 221, 221)",N/A,N/A,No
1,16:06:42,"(256, 146, 220, 220)",N/A,N/A,No
1,16:06:42,"(259, 145, 214, 214)",N/A,N/A,No
1,16:06:42,"(262, 148, 207, 207)",N/A,N/A,No
1,16:06:42,"(264, 154, 203, 203)",N/A,N/A,No
1,16:06:42,"(260, 151, 209, 209)",N/A,N/A,No
1,16:06:42,"(260, 151, 209, 209)",N/A,N/A,No
1,16:06:42,"(265, 148, 203, 203)",N/A,N/A,No
1,16:06:42,"(262, 147, 207, 207)",N/A,N/A,No
1,16:06:42,"(267, 151, 196, 196)",N/A,N/A,No
2,16:06:43,"(236, 399, 69, 69)",35,"{'Woman': 25.791317224502563, 'Man': 74.20868873596191}",No
1,16:06:43,"(263, 154, 220, 220)",N/A,N/A,No
1,16:06:43,"(263, 155, 216, 216)",N/A,N/A,No
1,16:06:43,"(268, 149, 226, 226)",N/A,N/A,No
1,16:06:43,"(267, 153, 216, 216)",N/A,N/A,No
1,16:11:57,"(274, 184, 216, 216)",detected_faces\face_1.jpg
1,16:13:42,"(274, 132, 196, 196)",detected_faces\face_1.jpg
1,16:14:43,"(291, 125, 235, 235)",24,"{'Woman': 0.02044143038801849, 'Man': 99.97956156730652}"
2,16:14:50,"(218, 113, 53, 53)",30,"{'Woman': 2.705807611346245, 'Man': 97.29419350624084}"
1,12:30:54,"(284, 359, 116, 116)",28,"{'Woman': 0.8406547829508781, 'Man': 99.15934801101685}"
2,12:31:04,"(268, 276, 132, 132)",24,"{'Woman': 0.061762204859405756, 'Man': 99.93823766708374}"
1,12:39:20,"(281, 185, 214, 214)",24,"{'Woman': 0.019346390035934746, 'Man': 99.98065829277039}"
1,09:36:42,"(232, 131, 196, 196)",30,"{'Woman': 4.031910374760628, 'Man': 95.96808552742004}"
1,23:01:07,"(295, 216, 151, 151)",33,"{'Woman': 28.802716732025146, 'Man': 71.19728326797485}"
2,23:01:09,"(279, 218, 146, 146)",32,"{'Woman': 1.0935444384813309, 'Man': 98.90645742416382}"
3,23:01:13,"(436, 219, 89, 89)",28,"{'Woman': 15.900614857673645, 'Man': 84.0993881225586}"
